256	2026-08-01	Evaluated	Applied	set-status	
257	2026-08-01	Evaluated	Applied	set-status	
259	2026-08-01	Evaluated	Applied	set-status	
134	2026-08-03	Applied	Rejected	set-status	
144	2026-08-03	Applied	Rejected	set-status	
138	2026-08-03	Applied	Rejected	set-status	
129	2026-08-03	Applied	Rejected	set-status	
127	2026-08-03	Applied	Rejected	set-status	
148	2026-08-03	Applied	Rejected	set-status	
242	2026-08-07	Applied	Interview	set-status	
293	2026-08-26	Applied	Rejected	set-status	
295	2026-08-26	Evaluated	Discarded	set-status	
261	2026-08-28	Applied	Rejected	set-status	
285	2026-08-30	Applied	Rejected	set-status	
292	2026-09-24	Evaluated	Discarded	set-status	
294	2026-09-24	Evaluated	Discarded	set-status	
290	2026-09-24	Evaluated	Discarded	set-status	
269	2026-09-24	Evaluated	Discarded	set-status	
267	2026-09-24	Evaluated	Discarded	set-status	
254	2026-09-24	Evaluated	Discarded	set-status	
252	2026-09-24	Evaluated	Discarded	set-status	
250	2026-09-24	Evaluated	Discarded	set-status	
220	2026-09-24	Evaluated	Discarded	set-status	
211	2026-09-24	Evaluated	Discarded	set-status	
213	2026-09-24	Evaluated	Discarded	set-status	
210	2026-09-24	Evaluated	Discarded	set-status	
185	2026-09-24	Evaluated	Discarded	set-status	
183	2026-09-24	Evaluated	Discarded	set-status	
180	2026-09-24	Evaluated	Discarded	set-status	
179	2026-09-24	Evaluated	Discarded	set-status	
178	2026-09-24	Evaluated	Discarded	set-status	
177	2026-09-24	Evaluated	Discarded	set-status	
176	2026-09-24	Evaluated	Discarded	set-status	
175	2026-09-24	Evaluated	Discarded	set-status	
170	2026-09-24	Evaluated	Discarded	set-status	
168	2026-09-24	Evaluated	Discarded	set-status	
166	2026-09-24	Evaluated	Discarded	set-status	
165	2026-09-24	Evaluated	Discarded	set-status	
162	2026-09-24	Evaluated	Discarded	set-status	
153	2026-09-24	Evaluated	Discarded	set-status	
149	2026-09-24	Evaluated	Discarded	set-status	
143	2026-09-24	Evaluated	Discarded	set-status	
141	2026-09-24	Evaluated	Discarded	set-status	
140	2026-09-24	Evaluated	Discarded	set-status	
137	2026-09-24	Evaluated	Discarded	set-status	
136	2026-09-24	Evaluated	Discarded	set-status	
135	2026-09-24	Evaluated	Discarded	set-status	
128	2026-09-24	Evaluated	Discarded	set-status	
43	2026-09-24	Evaluated	Discarded	set-status	
44	2026-09-24	Evaluated	Discarded	set-status	
50	2026-09-24	Evaluated	Discarded	set-status	
52	2026-09-24	Evaluated	Discarded	set-status	
56	2026-09-24	Evaluated	Discarded	set-status	
58	2026-09-24	Evaluated	Discarded	set-status	
59	2026-09-24	Evaluated	Discarded	set-status	
62	2026-09-24	Evaluated	Discarded	set-status	
63	2026-09-24	Evaluated	Discarded	set-status	
76	2026-09-24	Evaluated	Discarded	set-status	
77	2026-09-24	Evaluated	Discarded	set-status	
78	2026-09-24	Evaluated	Discarded	set-status	
79	2026-09-24	Evaluated	Discarded	set-status	
81	2026-09-24	Evaluated	Discarded	set-status	
82	2026-09-24	Evaluated	Discarded	set-status	
86	2026-09-24	Evaluated	Discarded	set-status	
87	2026-09-24	Evaluated	Discarded	set-status	
89	2026-09-24	Evaluated	Discarded	set-status	
95	2026-09-24	Evaluated	Discarded	set-status	
96	2026-09-24	Evaluated	Discarded	set-status	
99	2026-09-24	Evaluated	Discarded	set-status	
103	2026-09-24	Evaluated	Discarded	set-status	
107	2026-09-24	Evaluated	Discarded	set-status	
112	2026-09-24	Evaluated	Discarded	set-status	
113	2026-09-24	Evaluated	Discarded	set-status	
116	2026-09-24	Evaluated	Discarded	set-status	
117	2026-09-24	Evaluated	Discarded	set-status	
40	2026-09-24	Evaluated	Discarded	set-status	
39	2026-09-24	Evaluated	Discarded	set-status	
38	2026-09-24	Evaluated	Discarded	set-status	
121	2026-09-24	Evaluated	Discarded	set-status	
311	2026-09-09	Evaluated	Applied	set-status	
313	2026-09-10	Evaluated	Discarded	set-status	
317	2026-09-12	Evaluated	Applied	set-status	
318	2026-09-14	Evaluated	Applied	set-status	
319	2026-09-15	Evaluated	Discarded	set-status	
322	2026-09-16	Evaluated	Applied	set-status	
324	2026-09-18	Evaluated	Applied	set-status	
323	2026-09-18	Evaluated	Discarded	set-status	
326	2026-09-24	Evaluated	Discarded	set-status	
330	2026-09-28	Evaluated	Discarded	set-status	
328	2026-09-28	Evaluated	Discarded	set-status	
315	2026-09-29	Evaluated	Discarded	set-status	
